[{"name":"data-lib","description":null,"location":"data-lib/index.html","searchKeys":["data-lib"]},{"name":"me.profiluefter.profinote.data","description":null,"location":"data-lib/me.profiluefter.profinote.data/index.html","searchKeys":["me.profiluefter.profinote.data"]},{"name":"BinarySerializer","description":null,"location":"data-lib/me.profiluefter.profinote.data/-binary-serializer/index.html","searchKeys":["BinarySerializer"]},{"name":"date","description":null,"location":"data-lib/me.profiluefter.profinote.data/date.html","searchKeys":["date"]},{"name":"due","description":null,"location":"data-lib/me.profiluefter.profinote.data/due.html","searchKeys":["due"]},{"name":"formatDate()","description":null,"location":"data-lib/me.profiluefter.profinote.data/format-date.html","searchKeys":["formatDate()"]},{"name":"formatTime()","description":null,"location":"data-lib/me.profiluefter.profinote.data/format-time.html","searchKeys":["formatTime()"]},{"name":"isOverdue","description":null,"location":"data-lib/me.profiluefter.profinote.data/is-overdue.html","searchKeys":["isOverdue"]},{"name":"Note","description":null,"location":"data-lib/me.profiluefter.profinote.data/-note/index.html","searchKeys":["Note"]},{"name":"Serializer","description":null,"location":"data-lib/me.profiluefter.profinote.data/-serializer/index.html","searchKeys":["Serializer"]},{"name":"Storage","description":null,"location":"data-lib/me.profiluefter.profinote.data/-storage/index.html","searchKeys":["Storage"]},{"name":"time","description":null,"location":"data-lib/me.profiluefter.profinote.data/time.html","searchKeys":["time"]}]
